id,name,rank,rating,genre1,genre2,level,html,address
697825,Alpenrose,1,4.5,Swiss,European,$$-$$$,/Restaurant_Review-g188113-d697825-Reviews-Alpenrose-Zurich.html,"Fabrikstrasse 12, Zurich 8005 Switzerland"
3255164,Restaurant Krone Altstetten,2,4.5,Swiss,European,$$-$$$,/Restaurant_Review-g188113-d3255164-Reviews-Restaurant_Krone_Altstetten-Zurich.html,"Badenerstrasse 705, Zurich 8048 Switzerland"
1014585,Zunfthaus zur Waag,3,4.5,French,Swiss,$$$$,/Restaurant_Review-g188113-d1014585-Reviews-Zunfthaus_zur_Waag-Zurich.html,"Muensterhof 8, Zurich 8001 Switzerland"
1190632,Differente Hotel Krone Unterstrass,4,4.5,Swiss,European,$$-$$$,/Restaurant_Review-g188113-d1190632-Reviews-Differente_Hotel_Krone_Unterstrass-Zurich.html,"Schaffhauserstrasse 1, Zurich 8006 Switzerland"
857940,Rosaly's Restaurant & Bar,5,4.5,Swiss,European,$$-$$$,/Restaurant_Review-g188113-d857940-Reviews-Rosaly_s_Restaurant_Bar-Zurich.html,"Freieckgasse 7, Zurich 8001 Switzerland"
1190619,eCHo Restaurant,6,4.5,Swiss,European,$$-$$$,/Restaurant_Review-g188113-d1190619-Reviews-ECHo_Restaurant-Zurich.html,"Neumuehlequai 42, Zurich 8006 Switzerland"
825545,Didi's Frieden,7,4.5,Swiss,European,$$$$,/Restaurant_Review-g188113-d825545-Reviews-Didi_s_Frieden-Zurich.html,"Stampfenbachstrasse 32, Zurich 8006 Switzerland"
3970483,Restaurant & Bar O,8,4.5,French,Swiss,$$-$$$,/Restaurant_Review-g188113-d3970483-Reviews-Restaurant_Bar_O-Zurich.html,"Schaffhauserstrasse 335 Hotel Sternen Oerlikon, Zurich 8050 Switzerland"
947141,Hotel Restaurant Frohsinn,9,4.5,Swiss,European,$$-$$$,/Restaurant_Review-g227102-d947141-Reviews-Hotel_Restaurant_Frohsinn-Opfikon_Zurich.html,"Muehlegasse 8, Opfikon, Zurich 8152 Switzerland"
800631,Restaurant La Soupiere,10,4.5,French,Swiss,$$$$,/Restaurant_Review-g188113-d800631-Reviews-Restaurant_La_Soupiere-Zurich.html,"Bahnhofplatz 7, Zurich 8001 Switzerland"
1190634,Walliser Keller The Swiss Restaurant,11,4.5,Swiss,European,$$-$$$,/Restaurant_Review-g188113-d1190634-Reviews-Walliser_Keller_The_Swiss_Restaurant-Zurich.html,"Zaehringerstrasse 21 Niederdorf-Historic Quater, Zurich 8001 Switzerland"
2440439,Restaurant Oberes Triemli,12,4.5,Swiss,International,$$-$$$,/Restaurant_Review-g188113-d2440439-Reviews-Restaurant_Oberes_Triemli-Zurich.html,"Birmensdorferstrasse 535 8055 Zurich, Zurich 8055 Switzerland"
802913,Restaurant KINDLI,13,4.5,Swiss,European,$$$$,/Restaurant_Review-g188113-d802913-Reviews-Restaurant_KINDLI-Zurich.html,"Pfalzgasse 1, Zurich 8001 Switzerland"
11899165,Raclette Factory - Rindermarkt,14,4.5,Swiss,Central European,$$-$$$,/Restaurant_Review-g188113-d11899165-Reviews-Raclette_Factory_Rindermarkt-Zurich.html,"Rindermarkt 1 8001 Zurich, Zurich 8001 Switzerland"
799636,Restaurant Swiss Chuchi,15,4.0,Swiss,Vegetarian Friendly,$$-$$$,/Restaurant_Review-g188113-d799636-Reviews-Restaurant_Swiss_Chuchi-Zurich.html,"Rosengasse 10, Zurich 8001 Switzerland"
1188822,Raclette Stube,16,4.0,Swiss,European,$$-$$$,/Restaurant_Review-g188113-d1188822-Reviews-Raclette_Stube-Zurich.html,"Zaehringerstrasse 16 8001 Zurich, Zurich 8001 Switzerland"
2446209,Drei Stuben,17,4.5,Swiss,European,$$$$,/Restaurant_Review-g188113-d2446209-Reviews-Drei_Stuben-Zurich.html,"Beckenhofstrasse 5, Zurich 8006 Switzerland"
2147920,Restaurant Weisses Rossli,18,4.5,Swiss,European,$$$$,/Restaurant_Review-g188113-d2147920-Reviews-Restaurant_Weisses_Rossli-Zurich.html,"Bederstrasse 96, Zurich 8002 Switzerland"
939190,Gertrudhof,19,4.5,Swiss,European,$$-$$$,/Restaurant_Review-g188113-d939190-Reviews-Gertrudhof-Zurich.html,"Gertrudstrasse 26, Zurich 8003 Switzerland"
952551,Kronenhalle,20,4.0,Swiss,European,$$$$,/Restaurant_Review-g188113-d952551-Reviews-Kronenhalle-Zurich.html,"Raemistrasse 4, Zurich 8001 Switzerland"
697919,Restaurant Zeughauskeller,21,4.0,German,Swiss,$$-$$$,/Restaurant_Review-g188113-d697919-Reviews-Restaurant_Zeughauskeller-Zurich.html,"Bahnhofstrasse 28a, Zurich 8001 Switzerland"
3973399,Restaurant zum Kropf,22,4.0,Swiss,European,$$-$$$,/Restaurant_Review-g188113-d3973399-Reviews-Restaurant_zum_Kropf-Zurich.html,"In Gassen 16 8001, Zurich 8001 Switzerland"
2054417,Restaurant und Zunfthaus Weisser Wind,23,4.0,Swiss,European,$$-$$$,/Restaurant_Review-g188113-d2054417-Reviews-Restaurant_und_Zunfthaus_Weisser_Wind-Zurich.html,"Oberdorfstrasse 20, Zurich 8001 Switzerland"
11748007,SIGN eat & drink,24,4.5,Swiss,Contemporary,$$-$$$,/Restaurant_Review-g1068946-d11748007-Reviews-SIGN_eat_drink-Wallisellen_Zurich.html,"Bahnhofstrasse 6, Wallisellen, Zurich 8304 Switzerland"
1067980,Restaurant Heugumper,25,4.5,Swiss,International,$$$$,/Restaurant_Review-g188113-d1067980-Reviews-Restaurant_Heugumper-Zurich.html,"Waaggasse 4 Münsterhof, Zurich 8001 Switzerland"
2013488,Restaurant Adlisberg,26,4.0,Swiss,European,$$-$$$,/Restaurant_Review-g188113-d2013488-Reviews-Restaurant_Adlisberg-Zurich.html,"Adlisbergstrasse 75 8044 Zürich, Zurich 8044 Switzerland"
1139843,EquiTable,27,4.5,Swiss,European,$$$$,/Restaurant_Review-g188113-d1139843-Reviews-EquiTable-Zurich.html,"Stauffacherstrasse 163, Zurich 8004 Switzerland"
1878916,Restaurant Bar Helvetia,28,4.5,Swiss,International,$$-$$$,/Restaurant_Review-g188113-d1878916-Reviews-Restaurant_Bar_Helvetia-Zurich.html,"Stauffacherquai 1, Zurich 8004 Switzerland"
697913,Veltliner Keller,29,4.5,Swiss,European,$$$$,/Restaurant_Review-g188113-d697913-Reviews-Veltliner_Keller-Zurich.html,"Schluesselgasse 8, Zurich 8001 Switzerland"
799561,Restaurant Le Dezaley Zurich,30,4.0,Swiss,European,$$-$$$,/Restaurant_Review-g188113-d799561-Reviews-Restaurant_Le_Dezaley_Zurich-Zurich.html,"Romergasse 9 beim Grossmünster, Zurich 8001 Switzerland"
2481395,Restaurant Degenried,31,4.0,Swiss,European,$$-$$$,/Restaurant_Review-g188113-d2481395-Reviews-Restaurant_Degenried-Zurich.html,"Degenriedstrasse 135, Zurich 8032 Switzerland"
947144,Geeren,32,4.5,Swiss,European,$$-$$$,/Restaurant_Review-g188113-d947144-Reviews-Geeren-Zurich.html,"Obere Geerenstrasse 72, Zurich 8044 Switzerland"
697921,Zunfthaus zur Zimmerleuten,33,4.0,Swiss,European,$$-$$$,/Restaurant_Review-g188113-d697921-Reviews-Zunfthaus_zur_Zimmerleuten-Zurich.html,"Limmatquai 40, Zurich 8001 Switzerland"
4793838,Alexis Restaurant & Winebar,34,4.0,Swiss,European,$$-$$$,/Restaurant_Review-g188113-d4793838-Reviews-Alexis_Restaurant_Winebar-Zurich.html,"Niederdorfstrasse 40 Niederdörfli, Zurich 8001 Switzerland"
25063607,elmira fine dining,35,5.0,Swiss,European,$$$$,/Restaurant_Review-g188113-d25063607-Reviews-Elmira_fine_dining-Zurich.html,"Limmatstrasse 254 Eingang beim Lift SiloSilo, Zurich 8005 Switzerland"
799508,Chaesalp,36,4.0,Swiss,Central European,$$-$$$,/Restaurant_Review-g188113-d799508-Reviews-Chaesalp-Zurich.html,"Tobelhofstrasse 236 Zürich, Zurich 8044 Switzerland"
697830,Restaurant Burgli,37,4.5,Swiss,European,$$-$$$,/Restaurant_Review-g188113-d697830-Reviews-Restaurant_Burgli-Zurich.html,"Kilchbergstrasse 15, Zurich 8038 Switzerland"
872311,Rheinfelder Bierhalle,38,4.0,German,Swiss,$$-$$$,/Restaurant_Review-g188113-d872311-Reviews-Rheinfelder_Bierhalle-Zurich.html,"Niederdorfstrasse 76, Zurich 8001 Switzerland"
7612124,AuGust,39,4.0,Swiss,European,$$-$$$,/Restaurant_Review-g188113-d7612124-Reviews-AuGust-Zurich.html,"Rennweg 1, Zurich 8001 Switzerland"
2445583,Restaurant Bahnhof Wiedikon,40,4.5,Swiss,European,$,/Restaurant_Review-g188113-d2445583-Reviews-Restaurant_Bahnhof_Wiedikon-Zurich.html,"Seebahnstrasse 33, Zurich 8003 Switzerland"
1884449,Rechberg 1837,41,4.5,Swiss,European,$$-$$$,/Restaurant_Review-g188113-d1884449-Reviews-Rechberg_1837-Zurich.html,"Chorgasse 20, Zurich 8001 Switzerland"
1972167,Fribourger Fonduestuebli,42,4.0,Swiss,European,$$-$$$,/Restaurant_Review-g188113-d1972167-Reviews-Fribourger_Fonduestuebli-Zurich.html,"Rotwandstrasse 38, Zurich 8004 Switzerland"
697898,La Rotisserie,43,4.0,Swiss,European,$$$$,/Restaurant_Review-g188113-d697898-Reviews-La_Rotisserie-Zurich.html,"Weinplatz 2 Storchen Zürich, Zurich 8001 Switzerland"
1047721,Restaurant Alter Tobelhof,44,4.0,Swiss,European,$$-$$$,/Restaurant_Review-g188113-d1047721-Reviews-Restaurant_Alter_Tobelhof-Zurich.html,"Tobelhofstrasse 236 Zürich, Zurich 8044 Switzerland"
7060364,Wunderbrunnen Opfikon,45,4.5,Swiss,European,$$-$$$,/Restaurant_Review-g227102-d7060364-Reviews-Wunderbrunnen_Opfikon-Opfikon_Zurich.html,"Dorfstrasse 36, Opfikon, Zurich 8152 Switzerland"
4994327,Zum Weissen Kreuz,46,4.5,Swiss,European,$$-$$$,/Restaurant_Review-g188113-d4994327-Reviews-Zum_Weissen_Kreuz-Zurich.html,"Roessligasse 3, Zurich 8001 Switzerland"
4150480,Restaurant Waidhof,47,4.0,Swiss,European,$$-$$$,/Restaurant_Review-g188113-d4150480-Reviews-Restaurant_Waidhof-Zurich.html,"Schwandenholzstrasse 160, Zurich 8052 Switzerland"
1496906,Carlton Restaurant & Bar,48,4.5,Swiss,European,$$$$,/Restaurant_Review-g188113-d1496906-Reviews-Carlton_Restaurant_Bar-Zurich.html,"Bahnhofstrasse 41 8001 Zurich, Zurich 8001 Switzerland"
2332288,Kochlistube,49,4.5,German,Swiss,$$-$$$,/Restaurant_Review-g188113-d2332288-Reviews-Kochlistube-Zurich.html,"Koechlistrasse 6, Zurich 8004 Switzerland"
697920,Zum Grunen Glas,50,4.5,Swiss,European,$$-$$$,/Restaurant_Review-g188113-d697920-Reviews-Zum_Grunen_Glas-Zurich.html,"Untere Zaeune 15, Zurich 8001 Switzerland"
697850,Kantorei,51,4.0,Swiss,International,$$-$$$,/Restaurant_Review-g188113-d697850-Reviews-Kantorei-Zurich.html,"Neumarkt 2, Zurich 8001 Switzerland"
784887,Rheinfelder-Bierhaus <Bluetige Duume>,52,4.0,Swiss,European,$$-$$$,/Restaurant_Review-g188113-d784887-Reviews-Rheinfelder_Bierhaus_Bluetige_Duume-Zurich.html,"Marktgasse 19, Zurich 8001 Switzerland"
5503023,"Hilton Zurich, Restaurant HORIZON10",53,4.0,Swiss,International,$$-$$$,/Restaurant_Review-g227102-d5503023-Reviews-Hilton_Zurich_Restaurant_HORIZON10-Opfikon_Zurich.html,"Hohenbuehlstrasse 10 Hilton Zurich Airport, Opfikon, Zurich 8152 Switzerland"
752025,Tessin Grotto,54,4.0,Swiss,European,$$-$$$,/Restaurant_Review-g188113-d752025-Reviews-Tessin_Grotto-Zurich.html,"Waidbadstrasse 151 Zuerich, Zurich 8037 Switzerland"
789932,Restaurant Die Waid,55,3.5,Swiss,European,$$$$,/Restaurant_Review-g188113-d789932-Reviews-Restaurant_Die_Waid-Zurich.html,"Waidbadstrasse 45 8037 Zurich, Zurich 8037 Switzerland"
3633933,Restaurant zum Doktorhaus,56,4.0,Swiss,European,$$$$,/Restaurant_Review-g1068946-d3633933-Reviews-Restaurant_zum_Doktorhaus-Wallisellen_Zurich.html,"Alte Winterthurerstrasse 31 8304 Wallisellen, Wallisellen, Zurich 8304 Switzerland"
1125200,Restaurant Johanniter,57,3.5,German,Swiss,$$-$$$,/Restaurant_Review-g188113-d1125200-Reviews-Restaurant_Johanniter-Zurich.html,"Niederdorfstrasse 70, Zurich 8001 Switzerland"
1551037,Z. Alten Lowen,58,4.0,Italian,Swiss,$$-$$$,/Restaurant_Review-g188113-d1551037-Reviews-Z_Alten_Lowen-Zurich.html,"Universitaetstrasse 111, Zurich 8006 Switzerland"
1938791,Bergrestaurant Uto Staffel,59,4.0,Swiss,European,$$-$$$,/Restaurant_Review-g188113-d1938791-Reviews-Bergrestaurant_Uto_Staffel-Zurich.html,"Gratstrasse 6 Uetliberg, Zurich 8143 Switzerland"
7799445,Restaurant Stadionli,60,5.0,Swiss,European,$$-$$$,/Restaurant_Review-g188113-d7799445-Reviews-Restaurant_Stadionli-Zurich.html,"Siewerdtstrasse 80A 8050 Zürich, Zurich 8050 Switzerland"
1453730,Linde Oberstrass,61,4.0,Swiss,European,$$-$$$,/Restaurant_Review-g188113-d1453730-Reviews-Linde_Oberstrass-Zurich.html,"Universitaetstrasse 91, Zurich 8006 Switzerland"
697874,Oepfelchammer,62,4.0,Swiss,European,$$-$$$,/Restaurant_Review-g188113-d697874-Reviews-Oepfelchammer-Zurich.html,"Rindermarkt 12, Zurich 8001 Switzerland"
2432559,Restaurant Rubina,63,4.5,French,Swiss,$$-$$$,/Restaurant_Review-g188113-d2432559-Reviews-Restaurant_Rubina-Zurich.html,"Universitaetstrasse 56, Zurich 8006 Switzerland"
2433531,Restaurant Hardhof,64,4.0,Swiss,European,$$-$$$,/Restaurant_Review-g188113-d2433531-Reviews-Restaurant_Hardhof-Zurich.html,"Badenerstrasse 344, Zurich 8004 Switzerland"
1918250,Walliser Kanne,65,4.0,Swiss,European,$$-$$$,/Restaurant_Review-g188113-d1918250-Reviews-Walliser_Kanne-Zurich.html,"Lintheschergasse 21 Kreis 1, Zurich 8001 Switzerland"
10165384,Weinstube 1923,66,4.5,Swiss,European,$$-$$$,/Restaurant_Review-g188113-d10165384-Reviews-Weinstube_1923-Zurich.html,"Limmatquai 142 8001 Zürich, Zurich 8001 Switzerland"
1552160,Frohsinn,67,4.5,Swiss,European,$$-$$$,/Restaurant_Review-g188113-d1552160-Reviews-Frohsinn-Zurich.html,"Tobelhofstrasse 355 Gockhausen, Zurich 8044 Switzerland"
776768,Bederhof,68,4.0,Swiss,European,$$-$$$,/Restaurant_Review-g188113-d776768-Reviews-Bederhof-Zurich.html,"Brandschenkestrasse 177, Zurich 8002 Switzerland"
3267973,Bistro K2,69,4.0,Swiss,European,$$-$$$,/Restaurant_Review-g188113-d3267973-Reviews-Bistro_K2-Zurich.html,"Zahnradstrasse 22 8005 Zürich, Zurich 8005 Switzerland"
20153674,Igniv Zurich by Andreas Caminada,70,5.0,French,Swiss,$$$$,/Restaurant_Review-g188113-d20153674-Reviews-Igniv_Zurich_by_Andreas_Caminada-Zurich.html,"Marktgasse 17 Marktgasse Hotel, Zurich 8001 Switzerland"
12826604,f39,71,4.5,Swiss,European,$$$$,/Restaurant_Review-g188113-d12826604-Reviews-F39-Zurich.html,"Froehlichstrasse 39, Zurich 8008 Switzerland"
2399797,Zunfthaus zur Haue,72,4.0,Swiss,Seafood,$$-$$$,/Restaurant_Review-g188113-d2399797-Reviews-Zunfthaus_zur_Haue-Zurich.html,"Limmatquai 52, Zurich 8001 Switzerland"
4295991,Hopfenau Quartier Restaurant,73,4.5,Swiss,European,$$-$$$,/Restaurant_Review-g188113-d4295991-Reviews-Hopfenau_Quartier_Restaurant-Zurich.html,"Hopfenstrasse 19 8045 Zurich, Zurich 8045 Switzerland"
1228019,Bauernschanke,74,4.0,Swiss,European,$$-$$$,/Restaurant_Review-g188113-d1228019-Reviews-Bauernschanke-Zurich.html,"Rindermarkt 24, Zurich 8001 Switzerland"
785415,Restaurant Eichhornli,75,4.5,Swiss,European,$$-$$$,/Restaurant_Review-g188113-d785415-Reviews-Restaurant_Eichhornli-Zurich.html,"Nietengasse 16, Zurich 8004 Switzerland"
1053858,Rosengarten,76,4.0,Swiss,European,$$-$$$,/Restaurant_Review-g188113-d1053858-Reviews-Rosengarten-Zurich.html,"Gemeindestrasse 60, Zurich 8032 Switzerland"
2395856,Sternen Grill,77,4.0,German,Swiss,$,/Restaurant_Review-g188113-d2395856-Reviews-Sternen_Grill-Zurich.html,"Theaterstrasse 22 Bellevue, Zurich 8001 Switzerland"
11826866,Restaurant Blume,78,4.5,Swiss,European,,/Restaurant_Review-g188113-d11826866-Reviews-Restaurant_Blume-Zurich.html,"Winterthurerstrasse 534, Zurich 8051 Switzerland"
1905986,Restaurant Cafe Boy,79,4.5,Swiss,European,$$-$$$,/Restaurant_Review-g188113-d1905986-Reviews-Restaurant_Cafe_Boy-Zurich.html,"Kochstrasse 2, Zurich 8004 Switzerland"
1123677,Metzgerhalle,80,4.0,Swiss,European,$,/Restaurant_Review-g188113-d1123677-Reviews-Metzgerhalle-Zurich.html,"Schaffhauserstrasse 354, Zurich 8050 Switzerland"
14926638,Huusbeiz,81,5.0,Swiss,European,$$-$$$,/Restaurant_Review-g188113-d14926638-Reviews-Huusbeiz-Zurich.html,"Badenerstrasse 310, Zurich 8004 Switzerland"
1125369,Rusterei,82,4.0,Swiss,Mediterranean,$$-$$$,/Restaurant_Review-g188113-d1125369-Reviews-Rusterei-Zurich.html,"Kalanderplatz 6 Zürich, Zurich 8045 Switzerland"
7109787,Simplon Bar,83,4.5,Swiss,Bar,$$-$$$,/Restaurant_Review-g188113-d7109787-Reviews-Simplon_Bar-Zurich.html,"Schuetzengasse 16, Zurich 8001 Switzerland"
3599461,Restaurant Burgwies,84,4.0,Swiss,European,$$-$$$,/Restaurant_Review-g188113-d3599461-Reviews-Restaurant_Burgwies-Zurich.html,"Forchstrasse 271, Zurich 8008 Switzerland"
2333668,Restaurant Haldenbach,85,4.5,Swiss,European,$$-$$$,/Restaurant_Review-g188113-d2333668-Reviews-Restaurant_Haldenbach-Zurich.html,"Haldenbachstrasse 3 Kreis 6, Zurich 8006 Switzerland"
3389747,Roter Stein,86,4.5,Swiss,European,$$-$$$,/Restaurant_Review-g188113-d3389747-Reviews-Roter_Stein-Zurich.html,"Herrligstrasse 39, Zurich 8048 Switzerland"
2044276,Gasthof zum Weissen Rossli,87,4.5,Swiss,European,$$-$$$,/Restaurant_Review-g188113-d2044276-Reviews-Gasthof_zum_Weissen_Rossli-Zurich.html,"Albisriederstrasse 379, Zurich 8047 Switzerland"
1817085,Hornegg,88,4.0,Swiss,European,$$-$$$,/Restaurant_Review-g188113-d1817085-Reviews-Hornegg-Zurich.html,"Seefeldstrasse 201, Zurich 8008 Switzerland"
1513183,Restaurant Werdguet,89,4.5,Austrian,Swiss,$$-$$$,/Restaurant_Review-g188113-d1513183-Reviews-Restaurant_Werdguet-Zurich.html,"Morgartenstrasse 30, Zurich 8004 Switzerland"
1459370,restaurant und bar turbinenhalle,90,4.0,Swiss,European,$$-$$$,/Restaurant_Review-g188113-d1459370-Reviews-Restaurant_und_bar_turbinenhalle-Zurich.html,"Badenerstrasse 571, Zurich 8048 Switzerland"
3570706,Brasserie Zum Vorbahnhof,91,3.5,Swiss,European,$$-$$$,/Restaurant_Review-g188113-d3570706-Reviews-Brasserie_Zum_Vorbahnhof-Zurich.html,"Zollstrasse 2, Zurich 8005 Switzerland"
10481070,Wirtschaft zur Au,92,4.5,Swiss,European,$$-$$$,/Restaurant_Review-g188113-d10481070-Reviews-Wirtschaft_zur_Au-Zurich.html,"Manessestrasse 208 8045 Zurich, Zurich 8045 Switzerland"
1125210,Glogge-Egge,93,4.0,Swiss,European,$$-$$$,/Restaurant_Review-g188113-d1125210-Reviews-Glogge_Egge-Zurich.html,"Sihlstrasse 31, Zurich 8001 Switzerland"
4128561,Wirtschaft Unterdorf,94,4.5,Swiss,Cafe,$$-$$$,/Restaurant_Review-g188113-d4128561-Reviews-Wirtschaft_Unterdorf-Zurich.html,"Katzenseestrasse 15, Zurich 8046 Switzerland"
1100179,Aargauerhof,95,3.5,Swiss,European,$$-$$$,/Restaurant_Review-g188113-d1100179-Reviews-Aargauerhof-Zurich.html,"Hohlstrasse 43, Zurich 8004 Switzerland"
697833,Blaue Ente,96,4.0,Swiss,European,$$-$$$,/Restaurant_Review-g188113-d697833-Reviews-Blaue_Ente-Zurich.html,"Seefeldstrasse 223, Zurich 8008 Switzerland"
2572711,Obere Fluhgasse,97,4.5,Swiss,European,$$-$$$,/Restaurant_Review-g188113-d2572711-Reviews-Obere_Fluhgasse-Zurich.html,"Fluehgasse 69, Zurich 8008 Switzerland"
1320096,Schlauch - Silvy Bar,98,4.0,Swiss,European,$$-$$$,/Restaurant_Review-g188113-d1320096-Reviews-Schlauch_Silvy_Bar-Zurich.html,"Munstergasse 17, Zurich 8001 Switzerland"
11864885,Buckhuser Bar Bistro Restaurant,99,4.0,Swiss,Bar,$$-$$$,/Restaurant_Review-g188113-d11864885-Reviews-Buckhuser_Bar_Bistro_Restaurant-Zurich.html,"Buckhauserstrasse 34, Zurich 8048 Switzerland"
4148855,Gambrinus,100,4.0,German,Swiss,$,/Restaurant_Review-g188113-d4148855-Reviews-Gambrinus-Zurich.html,"Langstrasse 103, Zurich 8004 Switzerland"
2013573,Restaurant Altes Klosterli,101,3.5,Swiss,European,$$-$$$,/Restaurant_Review-g188113-d2013573-Reviews-Restaurant_Altes_Klosterli-Zurich.html,"Klosterweg 36, Zurich 8044 Switzerland"
1876596,Restaurant Weisses Kreuz,102,4.0,Swiss,European,$$-$$$,/Restaurant_Review-g188113-d1876596-Reviews-Restaurant_Weisses_Kreuz-Zurich.html,"Falkenstrasse 27, Zurich 8008 Switzerland"
6826188,Boerni's Baizli,103,4.0,Austrian,Swiss,$$-$$$,/Restaurant_Review-g188113-d6826188-Reviews-Boerni_s_Baizli-Zurich.html,"Tramstrasse 17, Zurich 8050 Switzerland"
1019786,Schuetzehuus Au,104,4.5,Swiss,European,$$-$$$,/Restaurant_Review-g188113-d1019786-Reviews-Schuetzehuus_Au-Zurich.html,"Alte Steinacherstrasse 4, Zurich 8804 Au Switzerland"
4150143,Time Out,105,4.0,Swiss,European,$$-$$$,/Restaurant_Review-g188113-d4150143-Reviews-Time_Out-Zurich.html,"Hirschengraben 64 Hotel St. Josef, Zurich 8001 Switzerland"
12652562,Burgstein`s Gasthaus Penalty,106,4.0,Austrian,Swiss,$$-$$$,/Restaurant_Review-g188113-d12652562-Reviews-Burgstein_s_Gasthaus_Penalty-Zurich.html,"Hallwylstrasse 40 direkt am Hallwylplatz, Zurich 8004 Switzerland"
1319336,Restaurant Blockhus,107,4.0,Swiss,European,$$-$$$,/Restaurant_Review-g188113-d1319336-Reviews-Restaurant_Blockhus-Zurich.html,"Schifflande 4, Zurich 8001 Switzerland"
3143718,Rossli Adliswil,108,4.0,Swiss,European,$$-$$$,/Restaurant_Review-g1463437-d3143718-Reviews-Rossli_Adliswil-Adliswil_Zurich.html,"Webereistrasse 49, Adliswil, Zurich 8134 Switzerland"
4924434,Cafe Restaurant Wilder Mann,109,4.0,Swiss,European,$$-$$$,/Restaurant_Review-g188113-d4924434-Reviews-Cafe_Restaurant_Wilder_Mann-Zurich.html,"Freiestrasse 221 8032 Zürich, Zurich 8032 Switzerland"
1907286,Leafs Restaurant,110,4.0,French,Swiss,$$-$$$,/Restaurant_Review-g188113-d1907286-Reviews-Leafs_Restaurant-Zurich.html,"Engimattstrasse 14, Zurich 8002 Switzerland"
11547682,Chalet Zuriberg,111,4.0,Swiss,European,$$-$$$,/Restaurant_Review-g188113-d11547682-Reviews-Chalet_Zuriberg-Zurich.html,"Orellistrasse 21 8044 Zürich, Zurich 8044 Switzerland"
4258779,Restaurant Conrad,112,4.0,Swiss,European,$$-$$$,/Restaurant_Review-g188113-d4258779-Reviews-Restaurant_Conrad-Zurich.html,"Sihlstrasse 31 Glockenhof Zürich, Zurich 8001 Switzerland"
3628909,St.Gallerhof,113,4.0,Swiss,European,$$-$$$,/Restaurant_Review-g188113-d3628909-Reviews-St_Gallerhof-Zurich.html,"Konradstrasse 2, Zurich 8005 Switzerland"
4987002,Wild West Steakhouse Texas,114,4.0,Swiss,European,$$-$$$,/Restaurant_Review-g188113-d4987002-Reviews-Wild_West_Steakhouse_Texas-Zurich.html,"Winterthurerstrasse 175, Zurich 8057 Switzerland"
697902,Restaurant Sonnenberg,115,4.0,Swiss,European,$$$$,/Restaurant_Review-g188113-d697902-Reviews-Restaurant_Sonnenberg-Zurich.html,"Hitzigweg 15, Zurich 8032 Switzerland"
4844365,Brasserie Spirgarten,116,4.0,Swiss,European,$$-$$$,/Restaurant_Review-g188113-d4844365-Reviews-Brasserie_Spirgarten-Zurich.html,"Lindenplatz 5 Spirgarten, Zurich 8048 Switzerland"
15554995,Zweifel 1898 Weinbeiz,117,4.5,Swiss,Bar,$$-$$$,/Restaurant_Review-g188113-d15554995-Reviews-Zweifel_1898_Weinbeiz-Zurich.html,"Regensdorferstrasse 20 Höngg, Zurich 8049 Switzerland"
11506337,Brasserie Freilager,118,4.0,Swiss,European,$$-$$$,/Restaurant_Review-g188113-d11506337-Reviews-Brasserie_Freilager-Zurich.html,"Freilagerstrasse 53 8047 Zürich, Zurich 8047 Switzerland"
697875,parkhuus,119,4.5,Swiss,Vegetarian Friendly,$$$$,/Restaurant_Review-g188113-d697875-Reviews-Parkhuus-Zurich.html,"Dreikonigstrasse 25, Zurich 8002 Switzerland"
751977,Movenpick Restaurant,120,3.5,Swiss,International,$$-$$$,/Restaurant_Review-g227102-d751977-Reviews-Movenpick_Restaurant-Opfikon_Zurich.html,"Walter Mittelholzerstrasse 8 Glattbrugg, Opfikon, Zurich 8152 Switzerland"
1062427,Restaurant Eisenhof,121,4.0,Swiss,European,$$-$$$,/Restaurant_Review-g188113-d1062427-Reviews-Restaurant_Eisenhof-Zurich.html,"Gasometerstrasse 20, Zurich 8005 Switzerland"
1101195,Restaurant Volkshaus,122,3.5,Swiss,European,$$-$$$,/Restaurant_Review-g188113-d1101195-Reviews-Restaurant_Volkshaus-Zurich.html,"Stauffacherstrasse 60, Zurich 8004 Switzerland"
3492814,Wirtschaft Ziegelhutte,123,3.5,Swiss,European,$$-$$$,/Restaurant_Review-g188113-d3492814-Reviews-Wirtschaft_Ziegelhutte-Zurich.html,"Huettenkopfstrasse 70, Zurich 8051 Switzerland"
3691249,Restaurant Buergli,124,4.5,Swiss,European,$$-$$$,/Restaurant_Review-g188113-d3691249-Reviews-Restaurant_Buergli-Zurich.html,"Seebacherstrasse 65, Zurich 8052 Switzerland"
1060792,Restaurant Schlussel,125,4.5,Swiss,European,$$-$$$,/Restaurant_Review-g188113-d1060792-Reviews-Restaurant_Schlussel-Zurich.html,"Seefeldstrasse 177, Zurich 8008 Switzerland"
3748235,Fonduetram,126,4.0,Swiss,European,$$-$$$,/Restaurant_Review-g188113-d3748235-Reviews-Fonduetram-Zurich.html,"Bellevueplatz, Zurich Switzerland"
3187269,Schwamedinge,127,4.5,Swiss,European,$$-$$$,/Restaurant_Review-g188113-d3187269-Reviews-Schwamedinge-Zurich.html,"Schwamendingerplatz 2, Zurich 8051 Switzerland"
3747829,Adler Gasthof,128,4.0,Swiss,European,$$-$$$,/Restaurant_Review-g188113-d3747829-Reviews-Adler_Gasthof-Zurich.html,"Oberdorf 1a, Zurich 8476 Switzerland"
1125213,Grunwald,129,3.5,Swiss,European,$$-$$$,/Restaurant_Review-g188113-d1125213-Reviews-Grunwald-Zurich.html,"Regensdorferstrasse 237, Zurich 8049 Switzerland"
2721433,Metzg,130,4.0,Swiss,Mediterranean,$$-$$$,/Restaurant_Review-g188113-d2721433-Reviews-Metzg-Zurich.html,"Seefeldstrasse 159, Zurich 8008 Switzerland"
1544942,Muggenbuehl,131,3.5,Swiss,European,$$-$$$,/Restaurant_Review-g188113-d1544942-Reviews-Muggenbuehl-Zurich.html,"Muggenbuehlstrasse 15, Zurich 8038 Switzerland"
10270670,Bethania Park Restaurant,132,5.0,Italian,French,$$-$$$,/Restaurant_Review-g188113-d10270670-Reviews-Bethania_Park_Restaurant-Zurich.html,"Toblerstrasse 51 8044 Zürich, Zurich 8044 Switzerland"
20983713,Gasthof Falken,133,4.0,Swiss,European,$$-$$$,/Restaurant_Review-g188113-d20983713-Reviews-Gasthof_Falken-Zurich.html,"Birmensdorferstrasse 150, Zurich 8003 Switzerland"
18605849,Panorama Restaurant Albisgutli,134,4.5,Swiss,European,,/Restaurant_Review-g188113-d18605849-Reviews-Panorama_Restaurant_Albisgutli-Zurich.html,"Uetlibergstrasse 331, Zurich 8045 Switzerland"
6883193,Restaurant Vereinigung,135,4.5,Swiss,European,$$-$$$,/Restaurant_Review-g188113-d6883193-Reviews-Restaurant_Vereinigung-Zurich.html,"Manessestrasse 132, Zurich 8045 Switzerland"
1047705,Restaurant Schutzenruh,136,4.0,Swiss,European,$$-$$$,/Restaurant_Review-g188113-d1047705-Reviews-Restaurant_Schutzenruh-Zurich.html,"Uetlibergstrasse 300, Zurich 8045 Switzerland"
4185694,Post Adlikon,137,3.5,German,Swiss,$$-$$$,/Restaurant_Review-g188113-d4185694-Reviews-Post_Adlikon-Zurich.html,"Unterdorfstrasse 3 Adlikon bei Andelfingen, Zurich 8452 Switzerland"
10806482,Restaurant Bellavista,138,4.5,Italian,French,$$-$$$,/Restaurant_Review-g188113-d10806482-Reviews-Restaurant_Bellavista-Zurich.html,"Honggerbergring 47 8093 Zurich, Zurich 8093 Switzerland"
4014938,Zurichsee Gastro,139,4.0,Italian,Swiss,$$-$$$,/Restaurant_Review-g188113-d4014938-Reviews-Zurichsee_Gastro-Zurich.html,"Mythenquai 323, Zurich 8038 Switzerland"
6781215,Restaurant Markthalle,140,4.5,Swiss,European,$$-$$$,/Restaurant_Review-g188113-d6781215-Reviews-Restaurant_Markthalle-Zurich.html,"Aargauerstrasse 1, Zurich 8048 Switzerland"
4164820,Restaurant Neumuenster,141,4.0,Swiss,International,$$-$$$,/Restaurant_Review-g188113-d4164820-Reviews-Restaurant_Neumuenster-Zurich.html,"Hammerstrasse 10, Zurich 8008 Switzerland"
7992990,Buchel,142,4.0,Italian,Steakhouse,$$-$$$,/Restaurant_Review-g1463437-d7992990-Reviews-Buchel-Adliswil_Zurich.html,"Albisstrasse 90, Adliswil, Zurich 8134 Switzerland"
7077307,EPI Park Seminar & Restaurant,143,4.5,Swiss,International,$,/Restaurant_Review-g188113-d7077307-Reviews-EPI_Park_Seminar_Restaurant-Zurich.html,"Suedstrasse 120, Zurich 8008 Switzerland"
11775556,Twenty Nine,144,4.0,Swiss,European,$$-$$$,/Restaurant_Review-g227102-d11775556-Reviews-Twenty_Nine-Opfikon_Zurich.html,"Saegereistrasse 29, Opfikon, Zurich 8152 Switzerland"
4150602,Restaurant Busi,145,4.5,Swiss,European,,/Restaurant_Review-g188113-d4150602-Reviews-Restaurant_Busi-Zurich.html,"Barenbohlstrasse 47, Zurich 8046 Switzerland"
7993509,Tillsamman,146,5.0,Swiss,Cafe,$$-$$$,/Restaurant_Review-g188113-d7993509-Reviews-Tillsamman-Zurich.html,"Sihlfeldstrasse 10, Zurich 8003 Switzerland"
13982687,Restaurant Frieden Wallisellen,147,4.5,Italian,Swiss,$$-$$$,/Restaurant_Review-g1068946-d13982687-Reviews-Restaurant_Frieden_Wallisellen-Wallisellen_Zurich.html,"Opfikonerstrasse 13, Wallisellen, Zurich 8304 Switzerland"
1126481,Bierhalle Wolf,148,3.5,German,Swiss,$$-$$$,/Restaurant_Review-g188113-d1126481-Reviews-Bierhalle_Wolf-Zurich.html,"Limmatquai 132 8001 Zürich, Zurich 8001 Switzerland"
1019785,Restaurant Schwyzerhusli,149,4.5,Swiss,European,$$-$$$,/Restaurant_Review-g188113-d1019785-Reviews-Restaurant_Schwyzerhusli-Zurich.html,"Wuhrenbach 1546, Zurich 8815 Switzerland"
10140442,Ey Hof,150,4.0,Swiss,European,,/Restaurant_Review-g188113-d10140442-Reviews-Ey_Hof-Zurich.html,"Triemlistrasse 183, Zurich 8047 Switzerland"
4800547,Restaurant Landhus,151,3.5,Swiss,European,$$-$$$,/Restaurant_Review-g188113-d4800547-Reviews-Restaurant_Landhus-Zurich.html,"Katzenbachstrasse 10 Hotel Landhus, Zurich 8052 Switzerland"
12716467,Brasserie Oerlikon,152,4.0,German,Swiss,$$-$$$,/Restaurant_Review-g188113-d12716467-Reviews-Brasserie_Oerlikon-Zurich.html,"Hofwiesenstrasse 369 Direkt am Gleis 1 Bahnhof Oerlikon, Zurich 8050 Switzerland"
1874021,Brasserie Federal,153,3.5,Swiss,Bar,$$-$$$,/Restaurant_Review-g188113-d1874021-Reviews-Brasserie_Federal-Zurich.html,"Bahnhofplatz 15 Main Entrance From the Train Station's Main Hall, Zurich 8001 Switzerland"
23588258,LUX Restaurant & Bar,154,4.0,Swiss,Bar,,/Restaurant_Review-g188113-d23588258-Reviews-LUX_Restaurant_Bar-Zurich.html,"Claridenstrasse 3, Zurich 8002 Switzerland"
2271419,Equinox,155,4.0,Swiss,European,$$-$$$,/Restaurant_Review-g188113-d2271419-Reviews-Equinox-Zurich.html,"Turbinenstrasse 20, Zurich 8005 Switzerland"
4944336,Restaurant Stoller,156,4.5,Swiss,Bar,$$-$$$,/Restaurant_Review-g188113-d4944336-Reviews-Restaurant_Stoller-Zurich.html,"Badenerstrasse 357, Zurich 8003 Switzerland"
8099695,Bistro Albisrieden,157,4.0,Swiss,European,$$-$$$,/Restaurant_Review-g188113-d8099695-Reviews-Bistro_Albisrieden-Zurich.html,"Albisriederstrasse 358, Zurich 8047 Switzerland"
7106491,La Bottega di Mario,158,4.5,Swiss,Mediterranean,$$-$$$,/Restaurant_Review-g188113-d7106491-Reviews-La_Bottega_di_Mario-Zurich.html,"Nueschelerstrasse 6 8001 Zurich, Zurich 8001 Switzerland"
3721317,Justus,159,4.5,Swiss,European,$$-$$$,/Restaurant_Review-g188113-d3721317-Reviews-Justus-Zurich.html,"Asylstr. 70, Zurich 8032 Switzerland"
1125370,Gasthaus Albisguetli,160,3.5,Swiss,European,$$-$$$,/Restaurant_Review-g188113-d1125370-Reviews-Gasthaus_Albisguetli-Zurich.html,"Uetlibergstrasse 341, Zurich 8045 Switzerland"
14108347,Restaurant Utoburg,161,4.5,Swiss,European,$$-$$$,/Restaurant_Review-g188113-d14108347-Reviews-Restaurant_Utoburg-Zurich.html,"Uetlibergstrasse 101, Zurich 8045 Switzerland"
21254372,Bernadette,162,4.0,Swiss,European,$$-$$$,/Restaurant_Review-g188113-d21254372-Reviews-Bernadette-Zurich.html,"Sechselaeutenplatz 1, Zurich 8001 Switzerland"
10025550,Saltz,163,4.0,Swiss,European,$$$$,/Restaurant_Review-g188113-d10025550-Reviews-Saltz-Zurich.html,"Kurhausstrasse 65, Zurich 8032 Switzerland"
10729929,8304 Old Fire Station,164,4.0,American,Swiss,$$-$$$,/Restaurant_Review-g1068946-d10729929-Reviews-8304_Old_Fire_Station-Wallisellen_Zurich.html,"Zentralstrasse 4, Wallisellen, Zurich 8304 Switzerland"
697852,Kaufleuten,165,3.5,Swiss,International,$$$$,/Restaurant_Review-g188113-d697852-Reviews-Kaufleuten-Zurich.html,"Pelikanplatz, Zurich 8001 Switzerland"
752037,Restaurant Zurichberg,166,3.5,Swiss,European,$$-$$$,/Restaurant_Review-g188113-d752037-Reviews-Restaurant_Zurichberg-Zurich.html,"Orellistrasse 21 Sorell Hotel, Zurich 8044 Switzerland"
3247818,Sternen Albisrieden,167,3.5,Swiss,European,$$-$$$,/Restaurant_Review-g188113-d3247818-Reviews-Sternen_Albisrieden-Zurich.html,"Albisriederstrasse 371 Restaurant Sternen, Zurich 8047 Switzerland"
25439670,Quartier 5 River Bar,168,3.5,Italian,Swiss,,/Restaurant_Review-g188113-d25439670-Reviews-Quartier_5_River_Bar-Zurich.html,"Hardturmstrasse 126a, Zurich 8005 Switzerland"
9767728,Metzgerei Z'graggen,169,4.5,Swiss,Fast Food,$,/Restaurant_Review-g188113-d9767728-Reviews-Metzgerei_Z_graggen-Zurich.html,"Stussihofstatt 10, Zurich 8001 Switzerland"
4993257,Swiss Bistro,170,3.5,Swiss,European,$$-$$$,/Restaurant_Review-g188113-d4993257-Reviews-Swiss_Bistro-Zurich.html,"Heidi-Abel-Weg 5 Hotel Ibis Zurich Messe-Airport, Zurich 8050 Switzerland"
4702785,Country Inn Leuen - Leuen Restaurant,171,4.5,Swiss,International,$$$$,/Restaurant_Review-g188113-d4702785-Reviews-Country_Inn_Leuen_Leuen_Restaurant-Zurich.html,"Birmensdorferstr. 56 - Uitikon Waldegg, Zurich Switzerland"
4354273,Restaurant Schipfe 16,172,4.0,Swiss,European,$$-$$$,/Restaurant_Review-g188113-d4354273-Reviews-Restaurant_Schipfe_16-Zurich.html,"Schipfe 16, Zurich 8001 Switzerland"
4296134,Eichmuhle,173,3.5,Swiss,European,$$-$$$,/Restaurant_Review-g188113-d4296134-Reviews-Eichmuhle-Zurich.html,"Rutschwilerstrasse 2, Zurich 8442 Switzerland"
3607254,Frau Gerolds Garten,174,4.0,Swiss,Bar,$$-$$$,/Restaurant_Review-g188113-d3607254-Reviews-Frau_Gerolds_Garten-Zurich.html,"Geroldstrasse 23/23a, Zurich 8005 Switzerland"
12300239,Schnupf,175,4.0,Swiss,European,$$-$$$,/Restaurant_Review-g188113-d12300239-Reviews-Schnupf-Zurich.html,"Neufrankengasse 29, Zurich 8004 Switzerland"
12141421,Jacky's Stapferstube AG,176,4.5,Italian,Swiss,$$-$$$,/Restaurant_Review-g227102-d12141421-Reviews-Jacky_s_Stapferstube_AG-Opfikon_Zurich.html,"Boulevard Lilienthal 41 - 43 Glattpark, Opfikon, Zurich 8152 Switzerland"
2299319,Restaurant Glatthof,177,3.5,Swiss,European,$$-$$$,/Restaurant_Review-g227102-d2299319-Reviews-Restaurant_Glatthof-Opfikon_Zurich.html,"Schaffhauserstrasse 126, Opfikon, Zurich 8152 Switzerland"
1217720,Cafe Zaehringer,178,4.0,Swiss,Cafe,$$-$$$,/Restaurant_Review-g188113-d1217720-Reviews-Cafe_Zaehringer-Zurich.html,"Zaehringerplatz 11, Zurich 8001 Switzerland"
1891398,Restaurant Viadukt,179,3.5,Swiss,European,$$-$$$,/Restaurant_Review-g188113-d1891398-Reviews-Restaurant_Viadukt-Zurich.html,"Viaduktstrasse 69, Zurich 8005 Switzerland"
1894849,Restaurant Markthalle,180,3.5,Swiss,European,$$-$$$,/Restaurant_Review-g188113-d1894849-Reviews-Restaurant_Markthalle-Zurich.html,"Limmatstrasse 231 8005 Zurich, Zurich 8005 Switzerland"
14904753,GUSTAV Cafe and Confiserie,181,5.0,Italian,Swiss,$$-$$$,/Restaurant_Review-g188113-d14904753-Reviews-GUSTAV_Cafe_and_Confiserie-Zurich.html,"Lagerstrasse 88, Zurich 8004 Switzerland"
10059160,Restaurant Riedbach,182,4.0,Swiss,European,$$-$$$,/Restaurant_Review-g188113-d10059160-Reviews-Restaurant_Riedbach-Zurich.html,"Hagenholzstrasse 104a, Zurich 8050 Switzerland"
4150470,Waldhaus-Katzensee,183,3.0,Swiss,European,$$-$$$,/Restaurant_Review-g188113-d4150470-Reviews-Waldhaus_Katzensee-Zurich.html,"Wehntalerstrasse 790, Zurich 8046 Switzerland"
8778217,Minimum Boulder Bar Restaurant,184,4.0,Swiss,European,$$-$$$,/Restaurant_Review-g188113-d8778217-Reviews-Minimum_Boulder_Bar_Restaurant-Zurich.html,"Flueelastrasse 31, Zurich 8047 Switzerland"
2084699,Europa,185,4.0,Brazilian,Swiss,$$-$$$,/Restaurant_Review-g188113-d2084699-Reviews-Europa-Zurich.html,"Englischviertelstrasse 42 Englischviertelstrasse stop, Tram 8, Zurich 8032 Switzerland"
1382015,Cucina,186,4.0,Italian,Swiss,$$-$$$,/Restaurant_Review-g188113-d1382015-Reviews-Cucina-Zurich.html,"Munstergasse 4, Zurich 8001 Switzerland"
12946601,Alpenstern,187,5.0,Swiss,,$$-$$$,/Restaurant_Review-g188113-d12946601-Reviews-Alpenstern-Zurich.html,"Seestrasse 32, Zurich 8942 Switzerland"
23789645,ZOOM Restaurant & Bar,188,3.5,Swiss,International,$$-$$$,/Restaurant_Review-g188113-d23789645-Reviews-ZOOM_Restaurant_Bar-Zurich.html,"The Circle 1, Zurich 8058 Switzerland"
10696560,Spitz,189,4.0,Swiss,Vegetarian Friendly,$$-$$$,/Restaurant_Review-g188113-d10696560-Reviews-Spitz-Zurich.html,"Museumstrasse 2, Zurich 8001 Switzerland"
8475360,Central Garden,190,4.0,Swiss,Bar,$$-$$$,/Restaurant_Review-g188113-d8475360-Reviews-Central_Garden-Zurich.html,"Central 1 The Central Plaza Hotel, Zurich 8001 Switzerland"
8588634,Jurablick,191,3.5,Swiss,Vegetarian Friendly,$$-$$$,/Restaurant_Review-g188113-d8588634-Reviews-Jurablick-Zurich.html,"Uetliberg, Zurich 8142 Switzerland"
19274347,Fondue Alp Grossmunsterplatz,192,3.5,Swiss,European,$$-$$$,/Restaurant_Review-g188113-d19274347-Reviews-Fondue_Alp_Grossmunsterplatz-Zurich.html,"Grossmunsterplatz, Zurich 8001 Switzerland"
8309067,Migros Restaurant,193,4.0,Swiss,European,$,/Restaurant_Review-g188113-d8309067-Reviews-Migros_Restaurant-Zurich.html,"Loewenstrasse 31, Zurich 8001 Switzerland"
20035257,Muensterhoefli,194,3.5,Swiss,European,$$$$,/Restaurant_Review-g188113-d20035257-Reviews-Muensterhoefli-Zurich.html,"Muensterhof 6, Zurich 8001 Switzerland"
897013,Ziegel oh Lac,195,3.5,Swiss,European,$$-$$$,/Restaurant_Review-g188113-d897013-Reviews-Ziegel_oh_Lac-Zurich.html,"Seestrasse 395, Zurich 8038 Switzerland"
23738186,Anoah - Plant Based,196,4.0,French,Swiss,,/Restaurant_Review-g188113-d23738186-Reviews-Anoah_Plant_Based-Zurich.html,"Brauerstrasse 37, Zurich 8004 Switzerland"
1221392,Coop Restaurant,197,4.0,Swiss,Vegetarian Friendly,$,/Restaurant_Review-g188113-d1221392-Reviews-Coop_Restaurant-Zurich.html,"Bahnhofstrasse 57, Zurich 8001 Switzerland"
2415540,Da Cono,198,4.5,Italian,Swiss,$$-$$$,/Restaurant_Review-g188113-d2415540-Reviews-Da_Cono-Zurich.html,"Badenerstrasse 526, Zurich 8048 Switzerland"
7733423,Fallender Brunnenhof,199,3.5,Italian,Swiss,$$-$$$,/Restaurant_Review-g188113-d7733423-Reviews-Fallender_Brunnenhof-Zurich.html,"Wehntalerstrasse 98, Zurich 8057 Switzerland"
1159988,Kafi Ferdinand,200,4.5,Swiss,Cafe,$$-$$$,/Restaurant_Review-g188113-d1159988-Reviews-Kafi_Ferdinand-Zurich.html,"Gutstrasse 2 8055, Zurich 8055 Switzerland"
18840821,Sprossling,201,5.0,Swiss,Cafe,$$-$$$,/Restaurant_Review-g188113-d18840821-Reviews-Sprossling-Zurich.html,"Hotzestrasse 65, Zurich 8006 Switzerland"
874059,Restaurant Zunfthaus zur Schmieden,202,3.0,French,Swiss,$$-$$$,/Restaurant_Review-g188113-d874059-Reviews-Restaurant_Zunfthaus_zur_Schmieden-Zurich.html,"Marktgasse 20, Zurich 8001 Switzerland"
4148684,Renggergut,203,5.0,Swiss,European,$,/Restaurant_Review-g188113-d4148684-Reviews-Renggergut-Zurich.html,"Renggerstrasse 68, Zurich 8038 Switzerland"
1462125,San Marco,204,3.5,Swiss,Mediterranean,$$-$$$,/Restaurant_Review-g188113-d1462125-Reviews-San_Marco-Zurich.html,"General-Wille-Strasse 21, Zurich 8002 Switzerland"
1136084,Pumpstation,205,3.0,Swiss,Bar,$$-$$$,/Restaurant_Review-g188113-d1136084-Reviews-Pumpstation-Zurich.html,"Seeanlage Utoquai, Zurich 8008 Switzerland"
19605610,Blau,206,4.0,Swiss,European,$$-$$$,/Restaurant_Review-g188113-d19605610-Reviews-Blau-Zurich.html,"Herman-Greulich-Strasse 56, Zurich 8004 Switzerland"
1977489,Bar Bistro Werdwies,207,3.5,Swiss,European,$,/Restaurant_Review-g188113-d1977489-Reviews-Bar_Bistro_Werdwies-Zurich.html,"Baendlistrasse 34, Zurich 8064 Switzerland"
2479488,Guhwilmuhle,208,3.0,Swiss,European,$$-$$$,/Restaurant_Review-g188113-d2479488-Reviews-Guhwilmuhle-Zurich.html,"Hofstetten bei Elgg, Zurich 8354 Switzerland"
23981644,Restaurant Enja,209,4.0,Swiss,European,,/Restaurant_Review-g188113-d23981644-Reviews-Restaurant_Enja-Zurich.html,"Sihlstrasse 9, Zurich 8001 Switzerland"
25099119,remy restaurant-bar,210,5.0,Swiss,European,,/Restaurant_Review-g188113-d25099119-Reviews-Remy_restaurant_bar-Zurich.html,"Kalkbreitestrasse 33, Zurich 8003 Switzerland"
7052762,Hiltl Vegimetzg,211,4.5,Indian,Swiss,$$-$$$,/Restaurant_Review-g188113-d7052762-Reviews-Hiltl_Vegimetzg-Zurich.html,"St. Annagasse 18, Zurich 8001 Switzerland"
3410657,Restaurant Schnitzelhuus,212,3.5,German,Austrian,$$-$$$,/Restaurant_Review-g188113-d3410657-Reviews-Restaurant_Schnitzelhuus-Zurich.html,"Schwamendingenstrasse 48 8050, Zurich 8050 Switzerland"
752031,Riithalle,213,3.5,Swiss,International,$$-$$$,/Restaurant_Review-g188113-d752031-Reviews-Riithalle-Zurich.html,"Gessnerallee 8, Zurich 8001 Switzerland"
2213070,Zum Goldenen Fass,214,4.5,French,Swiss,$$-$$$,/Restaurant_Review-g188113-d2213070-Reviews-Zum_Goldenen_Fass-Zurich.html,"Zwinglistrasse 7 8004 Zurich, Zurich 8004 Switzerland"
19882911,Kafi Ofeli,215,4.5,Swiss,Cafe,,/Restaurant_Review-g188113-d19882911-Reviews-Kafi_Ofeli-Zurich.html,"Rautistrasse 281, Zurich 8048 Switzerland"
23618138,Bistro RiffRaff,216,5.0,Swiss,International,$$-$$$,/Restaurant_Review-g188113-d23618138-Reviews-Bistro_RiffRaff-Zurich.html,"Neugasse 63, Zurich 8005 Switzerland"
7312645,Ristorante Pizzeria Tramblu,217,4.5,Italian,Swiss,$$-$$$,/Restaurant_Review-g188113-d7312645-Reviews-Ristorante_Pizzeria_Tramblu-Zurich.html,"Bucheggstrasse 103 8057 Zürich, Zurich 8057 Switzerland"
19072839,Chalet Suisse,218,3.5,Swiss,European,$$-$$$,/Restaurant_Review-g188113-d19072839-Reviews-Chalet_Suisse-Zurich.html,"Airside Center presso aeroporto Zurigo-Kloten, Zurich 8060 Switzerland"
10629028,Bistro Park Stadelhofen,219,3.5,Swiss,European,$$-$$$,/Restaurant_Review-g188113-d10629028-Reviews-Bistro_Park_Stadelhofen-Zurich.html,"Stadelhoferplatz, Zurich 8001 Switzerland"
7284468,Restaurant Sonne,220,4.0,Swiss,Thai,$$-$$$,/Restaurant_Review-g188113-d7284468-Reviews-Restaurant_Sonne-Zurich.html,"Hohlstrasse 32, Zurich 8004 Switzerland"
13551763,Restaurant Fyero,221,5.0,Swiss,Mediterranean,$$-$$$,/Restaurant_Review-g188113-d13551763-Reviews-Restaurant_Fyero-Zurich.html,"Birmensdorferstrasse 488, Zurich 8055 Switzerland"
23565578,Micas Garten,222,4.5,Swiss,Bar,$$-$$$,/Restaurant_Review-g188113-d23565578-Reviews-Micas_Garten-Zurich.html,"Badenerstrasse 790, Zurich 8048 Switzerland"
2093661,2. Akt Restaurant & Bar,223,4.0,Swiss,European,$$-$$$,/Restaurant_Review-g188113-d2093661-Reviews-2_Akt_Restaurant_Bar-Zurich.html,"Selnaustrasse 2 8001 Zurich, Zurich 8001 Switzerland"
12615151,Oak Bar,224,5.0,Swiss,Bar,$$-$$$,/Restaurant_Review-g188113-d12615151-Reviews-Oak_Bar-Zurich.html,"Claridenstrasse 30, Zurich 8002 Switzerland"
3611417,Chillies Restaurant & Takeaway,225,4.0,Italian,Swiss,$,/Restaurant_Review-g188113-d3611417-Reviews-Chillies_Restaurant_Takeaway-Zurich.html,"Pfingstweidstrasse 60, Zurich 8005 Switzerland"
21328472,Monti Triemli,226,5.0,Italian,Swiss,$$-$$$,/Restaurant_Review-g188113-d21328472-Reviews-Monti_Triemli-Zurich.html,"Birmensdorferstrasse 486, Zurich 8055 Switzerland"
9884693,Hiltl Sihlpost,227,4.0,Indian,Swiss,$$-$$$,/Restaurant_Review-g188113-d9884693-Reviews-Hiltl_Sihlpost-Zurich.html,"Europaallee 1A, Zurich 8004 Switzerland"
1907342,Fischer's Fritz,228,3.0,Swiss,European,$$-$$$,/Restaurant_Review-g188113-d1907342-Reviews-Fischer_s_Fritz-Zurich.html,"Seestrasse 559, Zurich 8038 Switzerland"
19151076,Restaurant Curling Center Wallisellen,229,4.5,Italian,Swiss,$$-$$$,/Restaurant_Review-g1068946-d19151076-Reviews-Restaurant_Curling_Center_Wallisellen-Wallisellen_Zurich.html,"Zielackerstrasse 28, Wallisellen, Zurich 8304 Switzerland"
7241486,Cafe Gourmet,230,4.5,French,Swiss,$$-$$$,/Restaurant_Review-g188113-d7241486-Reviews-Cafe_Gourmet-Zurich.html,"Bahnhofplatz 7, Zurich 8001 Switzerland"
12959896,Gasthof Hirschen,231,4.5,German,Swiss,$$-$$$,/Restaurant_Review-g188113-d12959896-Reviews-Gasthof_Hirschen-Zurich.html,"Winterthurerstrasse 519 Schwamendingen Mitte, Zurich 8051 Switzerland"
25393773,Soodmatte,232,5.0,Swiss,European,,/Restaurant_Review-g1463437-d25393773-Reviews-Soodmatte-Adliswil_Zurich.html,"Soodstrasse 50, Adliswil, Zurich 8134 Switzerland"
23522700,Fischerstube Zurihorn,233,3.0,Swiss,Mediterranean,$$-$$$,/Restaurant_Review-g188113-d23522700-Reviews-Fischerstube_Zurihorn-Zurich.html,"Bellerivestrasse 160, Zurich 8008 Switzerland"
19274366,Winter Garte Europaallee Zurich,234,5.0,Swiss,International,$$-$$$,/Restaurant_Review-g188113-d19274366-Reviews-Winter_Garte_Europaallee_Zurich-Zurich.html,"Gustav-Gull-Platz Europaplatz, Zurich 8001 Switzerland"
1178124,Brasserie Schiller,235,3.0,Swiss,Seafood,$$-$$$,/Restaurant_Review-g188113-d1178124-Reviews-Brasserie_Schiller-Zurich.html,"Sechselautenplatz 10 Goethestrasse 10, Zurich 8001 Switzerland"
17433994,Pizza Restaurant Rosa,236,4.5,Italian,Swiss,,/Restaurant_Review-g188113-d17433994-Reviews-Pizza_Restaurant_Rosa-Zurich.html,"Birmensfirferstr 249, Zurich 8055 Switzerland"
1025140,Sterne Foifi,237,4.0,Swiss,European,$,/Restaurant_Review-g188113-d1025140-Reviews-Sterne_Foifi-Zurich.html,"Theaterstrasse 22, Zurich 8001 Switzerland"
10385123,Restaurant Woschi,238,4.5,Swiss,International,$$-$$$,/Restaurant_Review-g188113-d10385123-Reviews-Restaurant_Woschi-Zurich.html,"Seestrasse 457, Zurich 8038 Switzerland"
1132260,Hotel Crowne Plaza,239,4.0,Swiss,Mediterranean,$$-$$$,/Restaurant_Review-g188113-d1132260-Reviews-Hotel_Crowne_Plaza-Zurich.html,"Badenerstrasse 420, Zurich 8004 Switzerland"
15951378,Wermut,240,3.5,Swiss,Bar,$$$$,/Restaurant_Review-g188113-d15951378-Reviews-Wermut-Zurich.html,"Neugasse 63, Zurich 8005 Switzerland"
17826827,Bebo's Beef & Chicken,241,5.0,American,Swiss,$$-$$$,/Restaurant_Review-g188113-d17826827-Reviews-Bebo_s_Beef_Chicken-Zurich.html,"Hardstrasse 310, Zurich 8005 Switzerland"
23687456,Chiffon - Restaurant Bar,242,4.0,Swiss,Bar,,/Restaurant_Review-g188113-d23687456-Reviews-Chiffon_Restaurant_Bar-Zurich.html,"Hirschengraben 36 Bus/tram Stop Neumarkt, Zurich 8001 Switzerland"
21309055,nachbar,243,4.5,Swiss,European,,/Restaurant_Review-g188113-d21309055-Reviews-Nachbar-Zurich.html,"Mattenhof 4, Zurich 8051 Switzerland"
10457800,Restaurants & Bar Thessoni,244,4.0,Italian,Swiss,$$$$,/Restaurant_Review-g188113-d10457800-Reviews-Restaurants_Bar_Thessoni-Zurich.html,"Eichwatt 19 c/o Thessoni Classic Hotel, Zurich 8105 Switzerland"
12320624,Flussbad Unterer Letten,245,4.5,Italian,French,$$-$$$,/Restaurant_Review-g188113-d12320624-Reviews-Flussbad_Unterer_Letten-Zurich.html,"Wasserwerkstrasse 131, Zurich 8037 Switzerland"
954119,Du Theatre,246,4.0,Japanese,Swiss,$$$$,/Restaurant_Review-g188113-d954119-Reviews-Du_Theatre-Zurich.html,"Dufourstrasse 20 8008 Zurich, Zurich 8008 Switzerland"
2164287,Cafe Des Amis,247,3.5,Swiss,Cafe,$$-$$$,/Restaurant_Review-g188113-d2164287-Reviews-Cafe_Des_Amis-Zurich.html,"Nordstrasse 88, Zurich 8037 Switzerland"
7987517,Cuadra,248,4.5,Italian,Swiss,,/Restaurant_Review-g227102-d7987517-Reviews-Cuadra-Opfikon_Zurich.html,"Muehlegasse 8, Opfikon, Zurich 8152 Switzerland"
21029232,Sir Andrew's Restaurant,249,4.0,American,Swiss,$$-$$$,/Restaurant_Review-g188113-d21029232-Reviews-Sir_Andrew_s_Restaurant-Zurich.html,"Badenerstrasse 659, Zurich 8048 Switzerland"
17455820,SERGE - Joy of Food,250,4.5,Italian,French,$$-$$$,/Restaurant_Review-g188113-d17455820-Reviews-SERGE_Joy_of_Food-Zurich.html,"Seefeldstrasse 187, Zurich 8008 Switzerland"
12260193,ELISABURG,251,5.0,Quick Bites,Swiss,$$-$$$,/Restaurant_Review-g188113-d12260193-Reviews-ELISABURG-Zurich.html,"Elisabethenstrasse 3, Zurich 8004 Switzerland"
7708471,Caffe Handelshof,252,3.5,Swiss,Cafe,$$-$$$,/Restaurant_Review-g188113-d7708471-Reviews-Caffe_Handelshof-Zurich.html,"Uraniastrasse 35, Zurich 8001 Switzerland"
752013,Bauschaenzli Biergarten & Grill,253,3.0,Swiss,International,$$-$$$,/Restaurant_Review-g188113-d752013-Reviews-Bauschaenzli_Biergarten_Grill-Zurich.html,"Stadthausquai 2 8001 Zürich, Zurich 8001 Switzerland"
18455290,Stadtkaserei und Restaurant,254,4.5,Swiss,European,$$$$,/Restaurant_Review-g188113-d18455290-Reviews-Stadtkaserei_und_Restaurant-Zurich.html,"Zollstrasse 37, Zurich 8005 Switzerland"
19261403,Eatery Provisorium Winterthur,255,5.0,Swiss,International,$$$$,/Restaurant_Review-g188113-d19261403-Reviews-Eatery_Provisorium_Winterthur-Zurich.html,"Zuercherstrasse 39 Lokstadt, Halle Habersack, Zurich 8400 Switzerland"
7616135,Bistro im Restaurant Rigiblick,256,3.5,Swiss,European,$$-$$$,/Restaurant_Review-g188113-d7616135-Reviews-Bistro_im_Restaurant_Rigiblick-Zurich.html,"Germaniastrasse 99 8044 Zürich, Zurich 8044 Switzerland"
21058321,Schwarzes Schaf - Bistrolino & Bar,257,5.0,Swiss,Bar,$$-$$$,/Restaurant_Review-g188113-d21058321-Reviews-Schwarzes_Schaf_Bistrolino_Bar-Zurich.html,"Langstrasse 10, Zurich 8004 Switzerland"
10483488,Dr. Dog Restaurant,258,4.5,American,Swiss,$,/Restaurant_Review-g188113-d10483488-Reviews-Dr_Dog_Restaurant-Zurich.html,"Tessinerplatz 10, Zurich 8002 Switzerland"
6855685,bQm,259,4.0,Swiss,European,$,/Restaurant_Review-g188113-d6855685-Reviews-BQm-Zurich.html,"Leonhardstrasse 34, 8092 Zurich, Zurich Switzerland"
14212566,Chickeria Langstrasse,260,2.5,Quick Bites,Swiss,$$-$$$,/Restaurant_Review-g188113-d14212566-Reviews-Chickeria_Langstrasse-Zurich.html,"Langstrasse 83, Zurich 8004 Switzerland"
12941977,Stripped Pizza Talacker,261,4.0,Italian,Swiss,$$-$$$,/Restaurant_Review-g188113-d12941977-Reviews-Stripped_Pizza_Talacker-Zurich.html,"Talacker 41, Zurich 8001 Switzerland"
23635580,Lady Suzette,262,4.0,French,Swiss,,/Restaurant_Review-g188113-d23635580-Reviews-Lady_Suzette-Zurich.html,"Langstrasse 133, Zurich 8004 Switzerland"
8559906,Queen Idia,263,3.5,Brew Pub,Swiss,$$-$$$,/Restaurant_Review-g188113-d8559906-Reviews-Queen_Idia-Zurich.html,"Badenerstrasse 125, Zurich 8004 Switzerland"
1408762,Confiserie Cafe Bauer,264,4.0,French,Swiss,$$-$$$,/Restaurant_Review-g188113-d1408762-Reviews-Confiserie_Cafe_Bauer-Zurich.html,"Badenerstrasse 355, Zurich 8003 Switzerland"
25374703,Lindenhofkeller,265,3.5,German,Swiss,,/Restaurant_Review-g188113-d25374703-Reviews-Lindenhofkeller-Zurich.html,"Pfalzgasse 4, Zurich 8001 Switzerland"
1174657,Jelmoli,266,4.0,Swiss,Vegetarian Friendly,$$-$$$,/Restaurant_Review-g188113-d1174657-Reviews-Jelmoli-Zurich.html,"Seidengasse 1 8001 Zurich, Zurich 8001 Switzerland"
26496821,Restaurant Neumarkt Zurich,267,3.0,Swiss,European,,/Restaurant_Review-g188113-d26496821-Reviews-Restaurant_Neumarkt_Zurich-Zurich.html,"Neumarkt 5, Zurich 8001 Switzerland"
16815157,Tenz,268,4.0,Indian,Swiss,$$-$$$,/Restaurant_Review-g188113-d16815157-Reviews-Tenz-Zurich.html,"Hohlstrasse 44, Zurich 8004 Switzerland"
14155691,Brasil - Grill,269,3.0,German,Brazilian,$$-$$$,/Restaurant_Review-g188113-d14155691-Reviews-Brasil_Grill-Zurich.html,"Wehntalerstrasse 551, Zurich 8046 Switzerland"
1034424,Kitchen & Bar at Courtyard,270,3.5,Swiss,Bar,$$-$$$,/Restaurant_Review-g188113-d1034424-Reviews-Kitchen_Bar_at_Courtyard-Zurich.html,"Max-Bill-Platz 19 Courtyard Marriott, Zurich 8050 Switzerland"
8064348,Hiltl am Strand - Strandbad Mythenquai,271,3.5,Indian,Swiss,$$-$$$,/Restaurant_Review-g188113-d8064348-Reviews-Hiltl_am_Strand_Strandbad_Mythenquai-Zurich.html,"Mythenquai 95 8002 Zurich, Zurich 8002 Switzerland"
24063938,YUKA - Restaurant & Bar,272,3.5,Italian,Swiss,$$-$$$,/Restaurant_Review-g188113-d24063938-Reviews-YUKA_Restaurant_Bar-Zurich.html,"Stampfenbachstrasse 60, Zurich 8006 Switzerland"
23649703,Nude Cafe & Bar,273,5.0,Swiss,Bar,,/Restaurant_Review-g188113-d23649703-Reviews-Nude_Cafe_Bar-Zurich.html,"Wasserwerkstrasse 127A, Zurich 8037 Switzerland"
2456679,Hiltl Pflanzbar,274,4.5,Indian,Swiss,$$-$$$,/Restaurant_Review-g188113-d2456679-Reviews-Hiltl_Pflanzbar-Zurich.html,"Talstrasse 62, Zurich 8001 Switzerland"
21375399,Bar Iris,275,5.0,Swiss,Bar,$$-$$$,/Restaurant_Review-g188113-d21375399-Reviews-Bar_Iris-Zurich.html,"The Circle 41, Zurich 8059 Switzerland"
12955520,Quartier Beck,276,4.5,Swiss,Cafe,,/Restaurant_Review-g188113-d12955520-Reviews-Quartier_Beck-Zurich.html,"Mattenhof 4, Zurich 8051 Switzerland"
16787698,Vanini Swiss Chocolate Since 1871,277,5.0,Swiss,International,$$-$$$,/Restaurant_Review-g188113-d16787698-Reviews-Vanini_Swiss_Chocolate_Since_1871-Zurich.html,"Kuttelgasse 17, Zurich 8001 Switzerland"
23687439,Dr. Brauwolf,278,5.0,BrewPub,Swiss,,/Restaurant_Review-g188113-d23687439-Reviews-Dr_Brauwolf-Zurich.html,"Raeffelstrasse 26, Zurich 8045 Switzerland"
23382081,Nuni Restaurant,279,3.5,Swiss,Bar,,/Restaurant_Review-g188113-d23382081-Reviews-Nuni_Restaurant-Zurich.html,"Hohlstrasse 430 Altstetten, Zurich 8048 Switzerland"
23602159,Steiner Flughafebeck,280,3.0,Swiss,Cafe,,/Restaurant_Review-g188113-d23602159-Reviews-Steiner_Flughafebeck-Zurich.html,"Lagerstrasse 33, Zurich 8004 Switzerland"
1551957,Jade,281,2.5,Chinese,Swiss,$$$$,/Restaurant_Review-g188113-d1551957-Reviews-Jade-Zurich.html,"Brandschenkestrasse 25, Zurich 8002 Switzerland"
3609921,Atelier Bar,282,4.0,Swiss,European,$$-$$$,/Restaurant_Review-g188113-d3609921-Reviews-Atelier_Bar-Zurich.html,"Talacker 16, Zurich 8001 Switzerland"
18194242,Kalte Lust,283,4.5,Swiss,European,$,/Restaurant_Review-g188113-d18194242-Reviews-Kalte_Lust-Zurich.html,"Kornhausbrucke 4, Zurich 8005 Switzerland"
23471581,Planted.bistro By Hiltl,284,,Indian,Swiss,,/Restaurant_Review-g188113-d23471581-Reviews-Planted_bistro_By_Hiltl-Zurich.html,"Kemptpark 32-34, Zurich 8310 Switzerland"
23773467,Kafi Linde,285,,Swiss,European,,/Restaurant_Review-g188113-d23773467-Reviews-Kafi_Linde-Zurich.html,"Bachstrasse 10, Zurich 8184 Switzerland"
23853239,Zumfondue,286,,Swiss,European,,/Restaurant_Review-g188113-d23853239-Reviews-Zumfondue-Zurich.html,"Museumstrasse 1, Zurich 8001 Switzerland"
24050046,Daddy's Schuetzenstube,287,,Swiss,European,,/Restaurant_Review-g188113-d24050046-Reviews-Daddy_s_Schuetzenstube-Zurich.html,"Kappenbuhlstrasse 80, Zurich 8049 Switzerland"
24920692,Centro Lusitano De Zurique Zum Husli,288,,Swiss,European,,/Restaurant_Review-g188113-d24920692-Reviews-Centro_Lusitano_De_Zurique_Zum_Husli-Zurich.html,"Risweg 1, Zurich 8041 Switzerland"
24984746,Bar Le Philosophe,289,,French,Swiss,$$-$$$,/Restaurant_Review-g188113-d24984746-Reviews-Bar_Le_Philosophe-Zurich.html,"Nagelihof 3, Zurich 8001 Switzerland"
25183856,Gasthof Zum Hirschen,290,,Swiss,European,,/Restaurant_Review-g188113-d25183856-Reviews-Gasthof_Zum_Hirschen-Zurich.html,"Zurcherstrasse 31, Zurich 8426 Switzerland"
26439287,Restaurant Rebstock,291,,Swiss,European,,/Restaurant_Review-g188113-d26439287-Reviews-Restaurant_Rebstock-Zurich.html,"Schaffhauser.str 469 Seebach, Zurich 8052 Switzerland"
26662157,Sign Grill,292,,Swiss,International,$$$$,/Restaurant_Review-g1068946-d26662157-Reviews-Sign_Grill-Wallisellen_Zurich.html,"Bahnhofstrasse 10, Wallisellen, Zurich 8304 Switzerland"
26681458,alte Post,293,,Swiss,European,,/Restaurant_Review-g15288413-d26681458-Reviews-Alte_Post-Huttikon_Zurich.html,"Zurcherstrasse 21, Huttikon, Zurich 8115 Switzerland"
